<Anims>
 <anim name="idle" root="botanical_cube_building_pinecone_hut" numframes="1000" framerate="40">
  <frame idx="0" w="1231" h="1868" x="0.000000" y="-532.500000">
   <element name="symbol0" layername="et_build" frame="0" z_index="3" m_a="1.000000" m_b="0.000000" m_c="0.000000" m_d="1.000000" m_tx="0.000000" m_ty="50.000000"/>
  </frame>
  <frame idx="25" w="1231" h="1868" x="0.000000" y="-532.500000">
   <element name="symbol0" layername="et_build" frame="0" z_index="3" m_a="1.000000" m_b="0.000000" m_c="0.000000" m_d="1.000000" m_tx="0.000000" m_ty="50.000000"/>
  </frame>
  <frame idx="50" w="1231" h="1868" x="0.000000" y="-532.500000">
   <element name="symbol0" layername="et_build" frame="0" z_index="3" m_a="1.000000" m_b="0.000000" m_c="0.000000" m_d="1.000000" m_tx="0.000000" m_ty="50.000000"/>
  </frame>
  <frame idx="75" w="1231" h="1868" x="0.000000" y="-532.500000">
   <element name="symbol0" layername="et_build" frame="0" z_index="3" m_a="1.000000" m_b="0.000000" m_c="0.000000" m_d="1.000000" m_tx="0.000000" m_ty="50.000000"/>
  </frame>
  <frame idx="100" w="1231" h="1868" x="0.000000" y="-532.500000">
   <element name="symbol0" layername="et_build" frame="0" z_index="3" m_a="1.000000" m_b="0.000000" m_c="0.000000" m_d="1.000000" m_tx="0.000000" m_ty="50.000000"/>
  </frame>
  <frame idx="125" w="1231" h="1868" x="0.000000" y="-532.500000">
   <element name="symbol0" layername="et_build" frame="0" z_index="3" m_a="1.000000" m_b="0.000000" m_c="0.000000" m_d="1.000000" m_tx="0.000000" m_ty="50.000000"/>
  </frame>
  <frame idx="150" w="1231" h="1868" x="0.000000" y="-532.500000">
   <element name="symbol0" layername="et_build" frame="0" z_index="3" m_a="1.000000" m_b="0.000000" m_c="0.000000" m_d="1.000000" m_tx="0.000000" m_ty="50.000000"/>
  </frame>
  <frame idx="175" w="1231" h="1868" x="0.000000" y="-532.500000">
   <element name="symbol0" layername="et_build" frame="0" z_index="3" m_a="1.000000" m_b="0.000000" m_c="0.000000" m_d="1.000000" m_tx="0.000000" m_ty="50.000000"/>
  </frame>
  <frame idx="200" w="1231" h="1868" x="0.000000" y="-532.500000">
   <element name="symbol0" layername="et_build" frame="0" z_index="3" m_a="1.000000" m_b="0.000000" m_c="0.000000" m_d="1.000000" m_tx="0.000000" m_ty="50.000000"/>
  </frame>
  <frame idx="225" w="1231" h="1868" x="0.000000" y="-532.500000">
   <element name="symbol0" layername="et_build" frame="0" z_index="3" m_a="1.000000" m_b="0.000000" m_c="0.000000" m_d="1.000000" m_tx="0.000000" m_ty="50.000000"/>
  </frame>
  <frame idx="250" w="1231" h="1868" x="0.000000" y="-532.500000">
   <element name="symbol0" layername="et_build" frame="0" z_index="3" m_a="1.000000" m_b="0.000000" m_c="0.000000" m_d="1.000000" m_tx="0.000000" m_ty="50.000000"/>
  </frame>
  <frame idx="275" w="1231" h="1868" x="0.000000" y="-532.500000">
   <element name="symbol0" layername="et_build" frame="0" z_index="3" m_a="1.000000" m_b="0.000000" m_c="0.000000" m_d="1.000000" m_tx="0.000000" m_ty="50.000000"/>
  </frame>
  <frame idx="300" w="1231" h="1868" x="0.000000" y="-532.500000">
   <element name="symbol0" layername="et_build" frame="0" z_index="3" m_a="1.000000" m_b="0.000000" m_c="0.000000" m_d="1.000000" m_tx="0.000000" m_ty="50.000000"/>
  </frame>
  <frame idx="325" w="1231" h="1868" x="0.000000" y="-532.500000">
   <element name="symbol0" layername="et_build" frame="0" z_index="3" m_a="1.000000" m_b="0.000000" m_c="0.000000" m_d="1.000000" m_tx="0.000000" m_ty="50.000000"/>
  </frame>
  <frame idx="350" w="1231" h="1868" x="0.000000" y="-532.500000">
   <element name="symbol0" layername="et_build" frame="0" z_index="3" m_a="1.000000" m_b="0.000000" m_c="0.000000" m_d="1.000000" m_tx="0.000000" m_ty="50.000000"/>
  </frame>
  <frame idx="375" w="1231" h="1868" x="0.000000" y="-532.500000">
   <element name="symbol0" layername="et_build" frame="0" z_index="3" m_a="1.000000" m_b="0.000000" m_c="0.000000" m_d="1.000000" m_tx="0.000000" m_ty="50.000000"/>
  </frame>
  <frame idx="400" w="1231" h="1868" x="0.000000" y="-532.500000">
   <element name="symbol0" layername="et_build" frame="0" z_index="3" m_a="1.000000" m_b="0.000000" m_c="0.000000" m_d="1.000000" m_tx="0.000000" m_ty="50.000000"/>
  </frame>
  <frame idx="425" w="1231" h="1868" x="0.000000" y="-532.500000">
   <element name="symbol0" layername="et_build" frame="0" z_index="3" m_a="1.000000" m_b="0.000000" m_c="0.000000" m_d="1.000000" m_tx="0.000000" m_ty="50.000000"/>
  </frame>
  <frame idx="450" w="1231" h="1868" x="0.000000" y="-532.500000">
   <element name="symbol0" layername="et_build" frame="0" z_index="3" m_a="1.000000" m_b="0.000000" m_c="0.000000" m_d="1.000000" m_tx="0.000000" m_ty="50.000000"/>
  </frame>
  <frame idx="475" w="1231" h="1868" x="0.000000" y="-532.500000">
   <element name="symbol0" layername="et_build" frame="0" z_index="3" m_a="1.000000" m_b="0.000000" m_c="0.000000" m_d="1.000000" m_tx="0.000000" m_ty="50.000000"/>
  </frame>
  <frame idx="500" w="1231" h="1868" x="0.000000" y="-532.500000">
   <element name="symbol0" layername="et_build" frame="0" z_index="3" m_a="1.000000" m_b="0.000000" m_c="0.000000" m_d="1.000000" m_tx="0.000000" m_ty="50.000000"/>
  </frame>
  <frame idx="525" w="1231" h="1868" x="0.000000" y="-532.500000">
   <element name="symbol0" layername="et_build" frame="0" z_index="3" m_a="1.000000" m_b="0.000000" m_c="0.000000" m_d="1.000000" m_tx="0.000000" m_ty="50.000000"/>
  </frame>
  <frame idx="550" w="1231" h="1868" x="0.000000" y="-532.500000">
   <element name="symbol0" layername="et_build" frame="0" z_index="3" m_a="1.000000" m_b="0.000000" m_c="0.000000" m_d="1.000000" m_tx="0.000000" m_ty="50.000000"/>
  </frame>
  <frame idx="575" w="1231" h="1868" x="0.000000" y="-532.500000">
   <element name="symbol0" layername="et_build" frame="0" z_index="3" m_a="1.000000" m_b="0.000000" m_c="0.000000" m_d="1.000000" m_tx="0.000000" m_ty="50.000000"/>
  </frame>
  <frame idx="600" w="1231" h="1868" x="0.000000" y="-532.500000">
   <element name="symbol0" layername="et_build" frame="0" z_index="3" m_a="1.000000" m_b="0.000000" m_c="0.000000" m_d="1.000000" m_tx="0.000000" m_ty="50.000000"/>
  </frame>
  <frame idx="625" w="1231" h="1868" x="0.000000" y="-532.500000">
   <element name="symbol0" layername="et_build" frame="0" z_index="3" m_a="1.000000" m_b="0.000000" m_c="0.000000" m_d="1.000000" m_tx="0.000000" m_ty="50.000000"/>
  </frame>
  <frame idx="650" w="1231" h="1868" x="0.000000" y="-532.500000">
   <element name="symbol0" layername="et_build" frame="0" z_index="3" m_a="1.000000" m_b="0.000000" m_c="0.000000" m_d="1.000000" m_tx="0.000000" m_ty="50.000000"/>
  </frame>
  <frame idx="675" w="1231" h="1868" x="0.000000" y="-532.500000">
   <element name="symbol0" layername="et_build" frame="0" z_index="3" m_a="1.000000" m_b="0.000000" m_c="0.000000" m_d="1.000000" m_tx="0.000000" m_ty="50.000000"/>
  </frame>
  <frame idx="700" w="1231" h="1868" x="0.000000" y="-532.500000">
   <element name="symbol0" layername="et_build" frame="0" z_index="3" m_a="1.000000" m_b="0.000000" m_c="0.000000" m_d="1.000000" m_tx="0.000000" m_ty="50.000000"/>
  </frame>
  <frame idx="725" w="1231" h="1868" x="0.000000" y="-532.500000">
   <element name="symbol0" layername="et_build" frame="0" z_index="3" m_a="1.000000" m_b="0.000000" m_c="0.000000" m_d="1.000000" m_tx="0.000000" m_ty="50.000000"/>
  </frame>
  <frame idx="750" w="1231" h="1868" x="0.000000" y="-532.500000">
   <element name="symbol0" layername="et_build" frame="0" z_index="3" m_a="1.000000" m_b="0.000000" m_c="0.000000" m_d="1.000000" m_tx="0.000000" m_ty="50.000000"/>
  </frame>
  <frame idx="775" w="1231" h="1868" x="0.000000" y="-532.500000">
   <element name="symbol0" layername="et_build" frame="0" z_index="3" m_a="1.000000" m_b="0.000000" m_c="0.000000" m_d="1.000000" m_tx="0.000000" m_ty="50.000000"/>
  </frame>
  <frame idx="800" w="1231" h="1868" x="0.000000" y="-532.500000">
   <element name="symbol0" layername="et_build" frame="0" z_index="3" m_a="1.000000" m_b="0.000000" m_c="0.000000" m_d="1.000000" m_tx="0.000000" m_ty="50.000000"/>
  </frame>
  <frame idx="825" w="1231" h="1868" x="0.000000" y="-532.500000">
   <element name="symbol0" layername="et_build" frame="0" z_index="3" m_a="1.000000" m_b="0.000000" m_c="0.000000" m_d="1.000000" m_tx="0.000000" m_ty="50.000000"/>
  </frame>
  <frame idx="850" w="1231" h="1868" x="0.000000" y="-532.500000">
   <element name="symbol0" layername="et_build" frame="0" z_index="3" m_a="1.000000" m_b="0.000000" m_c="0.000000" m_d="1.000000" m_tx="0.000000" m_ty="50.000000"/>
  </frame>
  <frame idx="875" w="1231" h="1868" x="0.000000" y="-532.500000">
   <element name="symbol0" layername="et_build" frame="0" z_index="3" m_a="1.000000" m_b="0.000000" m_c="0.000000" m_d="1.000000" m_tx="0.000000" m_ty="50.000000"/>
  </frame>
  <frame idx="900" w="1231" h="1868" x="0.000000" y="-532.500000">
   <element name="symbol0" layername="et_build" frame="0" z_index="3" m_a="1.000000" m_b="0.000000" m_c="0.000000" m_d="1.000000" m_tx="0.000000" m_ty="50.000000"/>
  </frame>
  <frame idx="925" w="1231" h="1868" x="0.000000" y="-532.500000">
   <element name="symbol0" layername="et_build" frame="0" z_index="3" m_a="1.000000" m_b="0.000000" m_c="0.000000" m_d="1.000000" m_tx="0.000000" m_ty="50.000000"/>
  </frame>
  <frame idx="950" w="1231" h="1868" x="0.000000" y="-532.500000">
   <element name="symbol0" layername="et_build" frame="0" z_index="3" m_a="1.000000" m_b="0.000000" m_c="0.000000" m_d="1.000000" m_tx="0.000000" m_ty="50.000000"/>
  </frame>
  <frame idx="975" w="1231" h="1868" x="0.000000" y="-532.500000">
   <element name="symbol0" layername="et_build" frame="0" z_index="3" m_a="1.000000" m_b="0.000000" m_c="0.000000" m_d="1.000000" m_tx="0.000000" m_ty="50.000000"/>
  </frame>
 </anim>
 <anim name="place" root="botanical_cube_building_pinecone_hut" numframes="100" framerate="40">
  <frame idx="0" w="1231" h="1868" x="0.000000" y="-532.500000">
   <element name="symbol0" layername="et_build" frame="0" z_index="3" m_a="1.000000" m_b="0.000000" m_c="0.000000" m_d="1.000000" m_tx="0.000000" m_ty="50.000000"/>
  </frame>
  <frame idx="25" w="1231" h="1787" x="0.000000" y="-606.617920">
   <element name="symbol0" layername="et_build" frame="0" z_index="3" m_a="1.000000" m_b="0.000000" m_c="0.000000" m_d="0.872649" m_tx="0.000000" m_ty="50.063675"/>
  </frame>
  <frame idx="50" w="1231" h="1705" x="0.000000" y="-680.736023">
   <element name="symbol0" layername="et_build" frame="0" z_index="3" m_a="1.000000" m_b="0.000000" m_c="0.000000" m_d="0.745299" m_tx="0.000000" m_ty="50.127350"/>
  </frame>
  <frame idx="75" w="1231" h="1787" x="0.000000" y="-606.617920">
   <element name="symbol0" layername="et_build" frame="0" z_index="3" m_a="1.000000" m_b="0.000000" m_c="0.000000" m_d="0.872649" m_tx="0.000000" m_ty="50.063675"/>
  </frame>
 </anim>
 <anim name="hit" root="botanical_cube_building_pinecone_hut" numframes="100" framerate="40">
  <frame idx="0" w="1231" h="1868" x="0.000000" y="-532.500000">
   <element name="symbol0" layername="et_build" frame="0" z_index="3" m_a="1.000000" m_b="0.000000" m_c="0.000000" m_d="1.000000" m_tx="0.000000" m_ty="50.000000"/>
  </frame>
  <frame idx="25" w="1231" h="1803" x="0.000000" y="-590.904297">
   <element name="symbol0" layername="et_build" frame="0" z_index="3" m_a="1.000000" m_b="0.000000" m_c="0.000000" m_d="0.899649" m_tx="0.000000" m_ty="50.050175"/>
  </frame>
  <frame idx="50" w="1231" h="1740" x="0.000000" y="-649.308594">
   <element name="symbol0" layername="et_build" frame="0" z_index="3" m_a="1.000000" m_b="0.000000" m_c="0.000000" m_d="0.799298" m_tx="0.000000" m_ty="50.100349"/>
  </frame>
  <frame idx="75" w="1231" h="1803" x="0.000000" y="-590.904297">
   <element name="symbol0" layername="et_build" frame="0" z_index="3" m_a="1.000000" m_b="0.000000" m_c="0.000000" m_d="0.899649" m_tx="0.000000" m_ty="50.050175"/>
  </frame>
 </anim>
</Anims>
